,sum_sq,df,F,PR(>F)
C(cripto),0.03675303594495089,9.0,1.456270644322982,0.15793153531239854
Residual,60.012633054937595,21401.0,,
