,sum_sq,df,F,PR(>F)
C(grupo_volatilidade),0.009271336088506221,2.0,1.652901262708638,0.1915179662633567
Residual,60.04011475479404,21408.0,,
